{"num_channel": 1, "num_class": 2, "batch_size": 4, "epochs": 31, "learning_rate": 0.001, "gpus": [0], "pin_memory": true, "num_workers": 2, "phase": "train", "dataset_dir": "datasets", "load_limit": 100000000000.0, "log_dir": "net_logs/pooled", "pretrained_path": null, "debug": true, "seed": 11487787094, "force": true, "model_scale": 1, "patience": 31, "load_sparse": true, "num_folds": 10, "global_test_score": [], "monitor_metric": "f1", "metric_direction": "maximize", "experiment_id": "pooled", "checkpoint": "pooled.pt", "best_epoch": 31, "best_score": 0.83194, "training_log": ["Loss,Precision,Recall,F1,Accuracy", [0.24716, 0.5231, 0.63687, 0.57441, 0.91606], [0.13112, 0.78632, 0.66152, 0.71854, 0.95391], [0.11379, 0.80538, 0.6971, 0.74734, 0.95808], [0.10501, 0.81577, 0.72118, 0.76556, 0.96072], [0.10012, 0.82596, 0.72611, 0.77282, 0.96203], [0.09717, 0.82989, 0.73373, 0.77885, 0.96294], [0.09321, 0.83703, 0.74149, 0.78637, 0.96417], [0.0906, 0.83946, 0.74813, 0.79117, 0.96487], [0.08866, 0.84317, 0.75031, 0.79403, 0.96538], [0.08566, 0.84375, 0.7635, 0.80162, 0.96639], [0.08413, 0.85005, 0.76155, 0.80337, 0.96684], [0.08322, 0.84903, 0.76581, 0.80528, 0.96706], [0.08665, 0.84649, 0.75413, 0.79765, 0.96597], [0.08141, 0.8507, 0.76937, 0.80799, 0.96748], [0.08152, 0.85188, 0.76807, 0.80781, 0.96749], [0.0811, 0.85186, 0.76972, 0.80871, 0.96761], [0.08042, 0.85223, 0.77311, 0.81074, 0.9679], [0.07978, 0.85391, 0.77305, 0.81147, 0.96805], [0.08147, 0.84803, 0.77348, 0.80904, 0.96753], [0.07767, 0.85723, 0.77829, 0.81585, 0.96875], [0.07739, 0.85385, 0.78383, 0.81734, 0.96884], [0.07671, 0.85549, 0.78588, 0.81921, 0.96915], [0.07557, 0.85715, 0.7876, 0.8209, 0.96944], [0.07707, 0.85498, 0.78301, 0.81741, 0.96889], [0.07555, 0.85738, 0.78622, 0.82026, 0.96935], [0.07434, 0.85772, 0.79073, 0.82286, 0.96972], [0.07389, 0.85934, 0.7917, 0.82413, 0.96995], [0.07849, 0.85105, 0.78032, 0.81415, 0.96832], [0.07526, 0.85522, 0.78991, 0.82127, 0.96942], [0.0742, 0.85749, 0.79232, 0.82362, 0.96982], [0.07324, 0.85856, 0.79497, 0.82554, 0.97012]], "validation_log": ["Loss,Precision,Recall,F1,Accuracy", [0.14362, 0.79429, 0.56425, 0.65979, 0.95014], [0.11973, 0.75046, 0.73011, 0.74015, 0.95607], [0.10098, 0.81283, 0.72491, 0.76636, 0.96213], [0.09405, 0.85678, 0.71429, 0.77907, 0.96529], [0.09206, 0.86178, 0.71417, 0.78106, 0.9657], [0.08293, 0.88931, 0.73395, 0.8042, 0.96938], [0.10322, 0.7182, 0.84831, 0.77785, 0.95848], [0.07919, 0.86482, 0.76309, 0.81078, 0.96948], [0.08274, 0.8394, 0.76256, 0.79914, 0.96716], [0.07831, 0.85567, 0.78203, 0.81719, 0.97002], [0.09126, 0.76936, 0.82795, 0.79758, 0.96399], [0.08619, 0.92205, 0.68784, 0.78791, 0.96827], [0.08473, 0.8058, 0.80296, 0.80438, 0.96654], [0.07541, 0.87062, 0.76709, 0.81558, 0.97028], [0.07763, 0.86178, 0.7602, 0.80781, 0.96901], [0.07975, 0.85112, 0.76547, 0.80603, 0.96843], [0.08156, 0.79013, 0.85069, 0.81929, 0.96785], [0.07694, 0.9107, 0.71154, 0.79889, 0.96931], [0.0782, 0.83547, 0.79806, 0.81634, 0.96923], [0.07572, 0.87146, 0.75927, 0.81151, 0.96978], [0.07197, 0.86169, 0.79334, 0.8261, 0.97138], [0.07365, 0.85211, 0.79319, 0.8216, 0.97049], [0.07335, 0.89088, 0.75237, 0.81579, 0.97089], [0.07387, 0.85986, 0.79113, 0.82406, 0.97106], [0.07461, 0.83044, 0.82459, 0.8275, 0.97054], [0.07433, 0.87638, 0.76723, 0.81818, 0.97078], [0.07623, 0.86139, 0.76873, 0.81243, 0.96959], [0.07489, 0.82472, 0.82545, 0.82508, 0.97001], [0.07477, 0.84315, 0.80558, 0.82394, 0.9705], [0.07234, 0.88617, 0.76405, 0.82059, 0.97137], [0.07128, 0.8416, 0.8225, 0.83194, 0.97153]], "test_score": ["Split,Precision,Recall,F1,Accuracy"], "dataspecs": [{"name": "DRIVE", "data_dir": "datasets/DRIVE/images", "label_dir": "datasets/DRIVE/manual", "mask_dir": "datasets/DRIVE/mask", "label_getter": "<function <lambda> at 0x7f3b0e03b320>", "mask_getter": "<function <lambda> at 0x7f39fc034290>", "split_dir": "net_logs/DRIVE/splits"}, {"name": "STARE", "data_dir": "datasets/STARE/stare-images", "label_dir": "datasets/STARE/labels-ah", "label_getter": "<function <lambda> at 0x7f39fc034320>", "split_dir": "net_logs/STARE/splits"}]}